"trial_type","trial_index","time_elapsed","internal_node_id","browser_name","browser_version","os_name","os_version","screen_resolution","participant","age","disorder","language","rt","url","stimulus","button_pressed","replay","soundcheck","success","view_history","key_press","response","window_resolution","Effort","all","reliability","order","version","project","deviceID","audioID","sentenceID","Transcription","reliability_distance","Transcription_diff","Effort_diff"
"pavlovia","0","94","0.0-0.0","Chrome","90.0","macOS","10.14.6","1280 x 800","5e5b4aa0c33f5334e4840ac8","23","no","yes","","","","","","","","","","","","","","","","","","","","","","","",""
"external-html","1","67514","0.0-1.0","Chrome","90.0","macOS","10.14.6","1280 x 800","5e5b4aa0c33f5334e4840ac8","23","no","yes","67252.43500003126","consent_2020-05-12.html","","","","","","","","","","","","","","","","","","","","","",""
"html-button-response","2","75972","0.0-2.0","Chrome","90.0","macOS","10.14.6","1280 x 800","5e5b4aa0c33f5334e4840ac8","23","no","yes","8455.73000004515","","<h2>Welcome to the perception experiment. </h2> <p>In this experiment, you will be asked to listen to audio recordings of speech samples. You will be asked to type what you heard the person say and rate how much effort it took to understand the speech. <br> While you do have the option to replay the utterance, please do not press replay unless there was some reason you could not hear the utterance (for example, if there was an unexpected loud noise outside). <br> Once the experiment has started, you will be asked not to further adjust your volume or your screen until it has finished.</p>","0","","","","","","","","","","","","","","","","","","","",""
"survey-text","3","84779","0.0-3.0","Chrome","90.0","macOS","10.14.6","1280 x 800","5e5b4aa0c33f5334e4840ac8","23","no","yes","8799.400000018068","","","","","","","","","","","","","","","","","","","","","","",""
"html-button-response","4","85976","0.0-4.0","Chrome","90.0","macOS","10.14.6","1280 x 800","5e5b4aa0c33f5334e4840ac8","23","no","yes","1195.4100000439212",""," <p>Thanks! Now let's check if the sound works properly and is set at a comfortable volume.</p>","0","","","","","","","","","","","","","","","","","","","",""
"audio-button-response","5","92502","0.0-5.0","Chrome","90.0","macOS","10.14.6","1280 x 800","5e5b4aa0c33f5334e4840ac8","23","no","yes","6520.645000040531","","audio/attention/check1_70.wav","0","1","","","","","","","","","","","","","","","","","","",""
"html-button-response","6","97926","0.0-6.0","Chrome","90.0","macOS","10.14.6","1280 x 800","5e5b4aa0c33f5334e4840ac8","23","no","yes","5422.030000016093","","<p>Please select the sentence you just heard:</p><p></p>","3","","true","","","","","","","","","","","","","","","","","",""
"fullscreen","7","101606","0.0-9.0","Chrome","90.0","macOS","10.14.6","1280 x 800","5e5b4aa0c33f5334e4840ac8","23","no","yes","","","","","","","true","","","","","","","","","","","","","","","","",""
"instructions","8","164895","0.0-10.0","Chrome","90.0","macOS","10.14.6","1280 x 800","5e5b4aa0c33f5334e4840ac8","23","no","yes","63286.785000003874","","","","","","","[{""page_index"":0,""viewing_time"":57611.15499999141},{""page_index"":1,""viewing_time"":3436.745000013616},{""page_index"":2,""viewing_time"":2238.004999991972}]","","","","","","","","","","","","","","","",""
"html-keyboard-response","9","165899","0.0-11.0","Chrome","90.0","macOS","10.14.6","1280 x 800","5e5b4aa0c33f5334e4840ac8","23","no","yes","null","","Next clip (of 36 in total)","","","","","","null","","","","","","","","","","","","","","",""
"html-keyboard-response","10","167704","0.0-12.0","Chrome","90.0","macOS","10.14.6","1280 x 800","5e5b4aa0c33f5334e4840ac8","23","no","yes","null","","<h2> </h2><p><font size=""6"">Please focus on <b></p><p>what the speaker is saying and type exactly what you hear.</p><p></b> </font></p>","","","","","","null","","","","","","","","","","","","","","",""
"audio-text-response","11","190183","0.0-13.0","Chrome","90.0","macOS","10.14.6","1280 x 800","5e5b4aa0c33f5334e4840ac8","23","no","yes","22476.550000021234","","./audio/sim_nm_Pink5_CA03_09.wav","","1","","","","","{""Transcription"":""its no ray embryo""}","1280 x 800","","","","","","","","","","","","",""
"html-keyboard-response","12","191988","0.0-14.0","Chrome","90.0","macOS","10.14.6","1280 x 800","5e5b4aa0c33f5334e4840ac8","23","no","yes","null","","<h2> </h2><p><font size=""6"">Please focus on <b></p><p>the effort required to understand what the speaker is saying.</p><p></b> </font></p>","","","","","","null","","","","","","","","","","","","","","",""
"audio-slider-response","13","201053","0.0-15.0","Chrome","90.0","macOS","10.14.6","1280 x 800","5e5b4aa0c33f5334e4840ac8","23","no","yes","9062","","./audio/sim_nm_Pink5_CA03_09.wav","","0","","","","","","1280 x 800","93","","","","","","","","","","","",""
"html-keyboard-response","14","201555","0.0-16.0","Chrome","90.0","macOS","10.14.6","1280 x 800","5e5b4aa0c33f5334e4840ac8","23","no","yes","null","","./audio/sim_nm_Pink5_CA03_09.wav","","","","","","null","","","","true","","1","2","","","","","","","",""
"html-keyboard-response","15","202559","0.0-17.0","Chrome","90.0","macOS","10.14.6","1280 x 800","5e5b4aa0c33f5334e4840ac8","23","no","yes","null","","Next clip (of 36 in total)","","","","","","null","","","","","","","","","","","","","","",""
"html-keyboard-response","16","204366","0.0-18.0","Chrome","90.0","macOS","10.14.6","1280 x 800","5e5b4aa0c33f5334e4840ac8","23","no","yes","null","","<h2> </h2><p><font size=""6"">Please focus on <b></p><p>what the speaker is saying and type exactly what you hear.</p><p></b> </font></p>","","","","","","null","","","","","","","","","","","","","","",""
"audio-text-response","17","233440","0.0-19.0","Chrome","90.0","macOS","10.14.6","1280 x 800","5e5b4aa0c33f5334e4840ac8","23","no","yes","29059.874999977183","","./audio/sim_N95-fs_Babble0_CA01_10.wav","","1","","","","","{""Transcription"":""The large slide scuffled into the ""}","1280 x 800","","","","","","","","","","","","",""
"html-keyboard-response","18","235243","0.0-20.0","Chrome","90.0","macOS","10.14.6","1280 x 800","5e5b4aa0c33f5334e4840ac8","23","no","yes","null","","<h2> </h2><p><font size=""6"">Please focus on <b></p><p>the effort required to understand what the speaker is saying.</p><p></b> </font></p>","","","","","","null","","","","","","","","","","","","","","",""
"audio-slider-response","19","273906","0.0-21.0","Chrome","90.0","macOS","10.14.6","1280 x 800","5e5b4aa0c33f5334e4840ac8","23","no","yes","38661","","./audio/sim_N95-fs_Babble0_CA01_10.wav","","0","","","","","","1280 x 800","93","","","","","","","","","","","",""
"html-keyboard-response","20","274409","0.0-22.0","Chrome","90.0","macOS","10.14.6","1280 x 800","5e5b4aa0c33f5334e4840ac8","23","no","yes","null","","./audio/sim_N95-fs_Babble0_CA01_10.wav","","","","","","null","","","","true","","2","2","","","","","","","",""
"html-keyboard-response","21","275412","0.0-23.0","Chrome","90.0","macOS","10.14.6","1280 x 800","5e5b4aa0c33f5334e4840ac8","23","no","yes","null","","Next clip (of 36 in total)","","","","","","null","","","","","","","","","","","","","","",""
"html-keyboard-response","22","277218","0.0-24.0","Chrome","90.0","macOS","10.14.6","1280 x 800","5e5b4aa0c33f5334e4840ac8","23","no","yes","null","","<h2> </h2><p><font size=""6"">Please focus on <b></p><p>what the speaker is saying and type exactly what you hear.</p><p></b> </font></p>","","","","","","null","","","","","","","","","","","","","","",""
"audio-text-response","23","334344","0.0-25.0","Chrome","90.0","macOS","10.14.6","1280 x 800","5e5b4aa0c33f5334e4840ac8","23","no","yes","57122.23499995889","","./audio/sim_nm-fs_Pink5_CA03_10.wav","","1","","","","","{""Transcription"":""you outloud pleasure""}","1280 x 800","","","","","","","","","","","","",""
"html-keyboard-response","24","336146","0.0-26.0","Chrome","90.0","macOS","10.14.6","1280 x 800","5e5b4aa0c33f5334e4840ac8","23","no","yes","null","","<h2> </h2><p><font size=""6"">Please focus on <b></p><p>the effort required to understand what the speaker is saying.</p><p></b> </font></p>","","","","","","null","","","","","","","","","","","","","","",""
"audio-slider-response","25","342178","0.0-27.0","Chrome","90.0","macOS","10.14.6","1280 x 800","5e5b4aa0c33f5334e4840ac8","23","no","yes","5619","","./audio/sim_nm-fs_Pink5_CA03_10.wav","","0","","","","","","1280 x 800","76","","","","","","","","","","","",""
"html-keyboard-response","26","342682","0.0-28.0","Chrome","90.0","macOS","10.14.6","1280 x 800","5e5b4aa0c33f5334e4840ac8","23","no","yes","null","","./audio/sim_nm-fs_Pink5_CA03_10.wav","","","","","","null","","","","true","","3","2","","","","","","","",""
"html-keyboard-response","27","343687","0.0-29.0","Chrome","90.0","macOS","10.14.6","1280 x 800","5e5b4aa0c33f5334e4840ac8","23","no","yes","null","","Next clip (of 36 in total)","","","","","","null","","","","","","","","","","","","","","",""
"html-keyboard-response","28","345489","0.0-30.0","Chrome","90.0","macOS","10.14.6","1280 x 800","5e5b4aa0c33f5334e4840ac8","23","no","yes","null","","<h2> </h2><p><font size=""6"">Please focus on <b></p><p>what the speaker is saying and type exactly what you hear.</p><p></b> </font></p>","","","","","","null","","","","","","","","","","","","","","",""
"audio-text-response","29","374314","0.0-31.0","Chrome","90.0","macOS","10.14.6","1280 x 800","5e5b4aa0c33f5334e4840ac8","23","no","yes","28823.315000045113","","./audio/sim_N95_Babble0_CA01_09.wav","","0","","","","","{""Transcription"":""Four hours""}","1280 x 800","","","","","","","","","","","","",""
"html-keyboard-response","30","376115","0.0-32.0","Chrome","90.0","macOS","10.14.6","1280 x 800","5e5b4aa0c33f5334e4840ac8","23","no","yes","null","","<h2> </h2><p><font size=""6"">Please focus on <b></p><p>the effort required to understand what the speaker is saying.</p><p></b> </font></p>","","","","","","null","","","","","","","","","","","","","","",""
"audio-slider-response","31","382176","0.0-33.0","Chrome","90.0","macOS","10.14.6","1280 x 800","5e5b4aa0c33f5334e4840ac8","23","no","yes","6055","","./audio/sim_N95_Babble0_CA01_09.wav","","0","","","","","","1280 x 800","97","","","","","","","","","","","",""
"html-keyboard-response","32","382680","0.0-34.0","Chrome","90.0","macOS","10.14.6","1280 x 800","5e5b4aa0c33f5334e4840ac8","23","no","yes","null","","./audio/sim_N95_Babble0_CA01_09.wav","","","","","","null","","","","true","","4","2","","","","","","","",""
"html-keyboard-response","33","383685","0.0-35.0","Chrome","90.0","macOS","10.14.6","1280 x 800","5e5b4aa0c33f5334e4840ac8","23","no","yes","null","","Next clip (of 36 in total)","","","","","","null","","","","","","","","","","","","","","",""
"html-keyboard-response","34","385489","0.0-36.0","Chrome","90.0","macOS","10.14.6","1280 x 800","5e5b4aa0c33f5334e4840ac8","23","no","yes","null","","<h2> </h2><p><font size=""6"">Please focus on <b></p><p>what the speaker is saying and type exactly what you hear.</p><p></b> </font></p>","","","","","","null","","","","","","","","","","","","","","",""
"audio-text-response","35","395376","0.0-37.0","Chrome","90.0","macOS","10.14.6","1280 x 800","5e5b4aa0c33f5334e4840ac8","23","no","yes","9886.539999977686","","./audio/sim_sm_Babble0_CA01_07.wav","","0","","","","","{""Transcription"":""Thoughts besides the partner""}","1280 x 800","","","","","","","","","","","","",""
"html-keyboard-response","36","397177","0.0-38.0","Chrome","90.0","macOS","10.14.6","1280 x 800","5e5b4aa0c33f5334e4840ac8","23","no","yes","null","","<h2> </h2><p><font size=""6"">Please focus on <b></p><p>the effort required to understand what the speaker is saying.</p><p></b> </font></p>","","","","","","null","","","","","","","","","","","","","","",""
"audio-slider-response","37","404105","0.0-39.0","Chrome","90.0","macOS","10.14.6","1280 x 800","5e5b4aa0c33f5334e4840ac8","23","no","yes","6925","","./audio/sim_sm_Babble0_CA01_07.wav","","0","","","","","","1280 x 800","100","","","","","","","","","","","",""
"html-keyboard-response","38","404610","0.0-40.0","Chrome","90.0","macOS","10.14.6","1280 x 800","5e5b4aa0c33f5334e4840ac8","23","no","yes","null","","./audio/sim_sm_Babble0_CA01_07.wav","","","","","","null","","","","true","","5","2","","","","","","","",""
"html-keyboard-response","39","405616","0.0-41.0","Chrome","90.0","macOS","10.14.6","1280 x 800","5e5b4aa0c33f5334e4840ac8","23","no","yes","null","","Next clip (of 36 in total)","","","","","","null","","","","","","","","","","","","","","",""
"html-keyboard-response","40","407417","0.0-42.0","Chrome","90.0","macOS","10.14.6","1280 x 800","5e5b4aa0c33f5334e4840ac8","23","no","yes","null","","<h2> </h2><p><font size=""6"">Please focus on <b></p><p>what the speaker is saying and type exactly what you hear.</p><p></b> </font></p>","","","","","","null","","","","","","","","","","","","","","",""
"audio-text-response","41","424109","0.0-43.0","Chrome","90.0","macOS","10.14.6","1280 x 800","5e5b4aa0c33f5334e4840ac8","23","no","yes","16690.32499997411","","./audio/sim_nm_quiet_CA01_05.wav","","0","","","","","{""Transcription"":""rice is often served in round bowls""}","1280 x 800","","","","","","","","","","","","",""
"html-keyboard-response","42","425910","0.0-44.0","Chrome","90.0","macOS","10.14.6","1280 x 800","5e5b4aa0c33f5334e4840ac8","23","no","yes","null","","<h2> </h2><p><font size=""6"">Please focus on <b></p><p>the effort required to understand what the speaker is saying.</p><p></b> </font></p>","","","","","","null","","","","","","","","","","","","","","",""
"audio-slider-response","43","464609","0.0-45.0","Chrome","90.0","macOS","10.14.6","1280 x 800","5e5b4aa0c33f5334e4840ac8","23","no","yes","38702","","./audio/sim_nm_quiet_CA01_05.wav","","0","","","","","","1280 x 800","0","","","","","","","","","","","",""
"html-keyboard-response","44","465111","0.0-46.0","Chrome","90.0","macOS","10.14.6","1280 x 800","5e5b4aa0c33f5334e4840ac8","23","no","yes","null","","./audio/sim_nm_quiet_CA01_05.wav","","","","","","null","","","","true","1","6","2","","","","","","","",""
"html-keyboard-response","45","466113","0.0-47.0","Chrome","90.0","macOS","10.14.6","1280 x 800","5e5b4aa0c33f5334e4840ac8","23","no","yes","null","","Next clip (of 36 in total)","","","","","","null","","","","","","","","","","","","","","",""
"html-keyboard-response","46","467917","0.0-48.0","Chrome","90.0","macOS","10.14.6","1280 x 800","5e5b4aa0c33f5334e4840ac8","23","no","yes","null","","<h2> </h2><p><font size=""6"">Please focus on <b></p><p>what the speaker is saying and type exactly what you hear.</p><p></b> </font></p>","","","","","","null","","","","","","","","","","","","","","",""
"audio-text-response","47","479033","0.0-49.0","Chrome","90.0","macOS","10.14.6","1280 x 800","5e5b4aa0c33f5334e4840ac8","23","no","yes","11113.795000012033","","./audio/sim_N95-fs_quiet_CA01_04.wav","","0","","","","","{""Transcription"":""These days a chicken leg is rare dish""}","1280 x 800","","","","","","","","","","","","",""
"html-keyboard-response","48","480833","0.0-50.0","Chrome","90.0","macOS","10.14.6","1280 x 800","5e5b4aa0c33f5334e4840ac8","23","no","yes","null","","<h2> </h2><p><font size=""6"">Please focus on <b></p><p>the effort required to understand what the speaker is saying.</p><p></b> </font></p>","","","","","","null","","","","","","","","","","","","","","",""
"audio-slider-response","49","486172","0.0-51.0","Chrome","90.0","macOS","10.14.6","1280 x 800","5e5b4aa0c33f5334e4840ac8","23","no","yes","5341","","./audio/sim_N95-fs_quiet_CA01_04.wav","","0","","","","","","1280 x 800","0","","","","","","","","","","","",""
"html-keyboard-response","50","486673","0.0-52.0","Chrome","90.0","macOS","10.14.6","1280 x 800","5e5b4aa0c33f5334e4840ac8","23","no","yes","null","","./audio/sim_N95-fs_quiet_CA01_04.wav","","","","","","null","","","","true","2","7","2","","","","","","","",""
"html-keyboard-response","51","487674","0.0-53.0","Chrome","90.0","macOS","10.14.6","1280 x 800","5e5b4aa0c33f5334e4840ac8","23","no","yes","null","","Next clip (of 36 in total)","","","","","","null","","","","","","","","","","","","","","",""
"html-keyboard-response","52","489477","0.0-54.0","Chrome","90.0","macOS","10.14.6","1280 x 800","5e5b4aa0c33f5334e4840ac8","23","no","yes","null","","<h2> </h2><p><font size=""6"">Please focus on <b></p><p>what the speaker is saying and type exactly what you hear.</p><p></b> </font></p>","","","","","","null","","","","","","","","","","","","","","",""
"audio-text-response","53","499497","0.0-55.0","Chrome","90.0","macOS","10.14.6","1280 x 800","5e5b4aa0c33f5334e4840ac8","23","no","yes","10019.035000004806","","./audio/sim_sm-fs_Babble0_CA01_08.wav","","0","","","","","{""Transcription"":""The hearts is top corn""}","1280 x 800","","","","","","","","","","","","",""
"html-keyboard-response","54","501303","0.0-56.0","Chrome","90.0","macOS","10.14.6","1280 x 800","5e5b4aa0c33f5334e4840ac8","23","no","yes","null","","<h2> </h2><p><font size=""6"">Please focus on <b></p><p>the effort required to understand what the speaker is saying.</p><p></b> </font></p>","","","","","","null","","","","","","","","","","","","","","",""
"audio-slider-response","55","507795","0.0-57.0","Chrome","90.0","macOS","10.14.6","1280 x 800","5e5b4aa0c33f5334e4840ac8","23","no","yes","6484","","./audio/sim_sm-fs_Babble0_CA01_08.wav","","0","","","","","","1280 x 800","100","","","","","","","","","","","",""
"html-keyboard-response","56","508300","0.0-58.0","Chrome","90.0","macOS","10.14.6","1280 x 800","5e5b4aa0c33f5334e4840ac8","23","no","yes","null","","./audio/sim_sm-fs_Babble0_CA01_08.wav","","","","","","null","","","","true","","8","2","","","","","","","",""
"html-keyboard-response","57","509303","0.0-59.0","Chrome","90.0","macOS","10.14.6","1280 x 800","5e5b4aa0c33f5334e4840ac8","23","no","yes","null","","Next clip (of 36 in total)","","","","","","null","","","","","","","","","","","","","","",""
"html-keyboard-response","58","511108","0.0-60.0","Chrome","90.0","macOS","10.14.6","1280 x 800","5e5b4aa0c33f5334e4840ac8","23","no","yes","null","","<h2> </h2><p><font size=""6"">Please focus on <b></p><p>what the speaker is saying and type exactly what you hear.</p><p></b> </font></p>","","","","","","null","","","","","","","","","","","","","","",""
"audio-text-response","59","522402","0.0-61.0","Chrome","90.0","macOS","10.14.6","1280 x 800","5e5b4aa0c33f5334e4840ac8","23","no","yes","11293.315000017174","","./audio/sim_N95_Babble5_CA02_05.wav","","0","","","","","{""Transcription"":""help the woman get back to work""}","1280 x 800","","","","","","","","","","","","",""
"html-keyboard-response","60","524206","0.0-62.0","Chrome","90.0","macOS","10.14.6","1280 x 800","5e5b4aa0c33f5334e4840ac8","23","no","yes","null","","<h2> </h2><p><font size=""6"">Please focus on <b></p><p>the effort required to understand what the speaker is saying.</p><p></b> </font></p>","","","","","","null","","","","","","","","","","","","","","",""
"audio-slider-response","61","538017","0.0-63.0","Chrome","90.0","macOS","10.14.6","1280 x 800","5e5b4aa0c33f5334e4840ac8","23","no","yes","13810","","./audio/sim_N95_Babble5_CA02_05.wav","","0","","","","","","1280 x 800","69","","","","","","","","","","","",""
"html-keyboard-response","62","538518","0.0-64.0","Chrome","90.0","macOS","10.14.6","1280 x 800","5e5b4aa0c33f5334e4840ac8","23","no","yes","null","","./audio/sim_N95_Babble5_CA02_05.wav","","","","","","null","","","","true","3","9","2","","","","","","","",""
"html-keyboard-response","63","539519","0.0-65.0","Chrome","90.0","macOS","10.14.6","1280 x 800","5e5b4aa0c33f5334e4840ac8","23","no","yes","null","","Next clip (of 36 in total)","","","","","","null","","","","","","","","","","","","","","",""
"html-keyboard-response","64","541324","0.0-66.0","Chrome","90.0","macOS","10.14.6","1280 x 800","5e5b4aa0c33f5334e4840ac8","23","no","yes","null","","<h2> </h2><p><font size=""6"">Please focus on <b></p><p>what the speaker is saying and type exactly what you hear.</p><p></b> </font></p>","","","","","","null","","","","","","","","","","","","","","",""
"audio-text-response","65","561127","0.0-67.0","Chrome","90.0","macOS","10.14.6","1280 x 800","5e5b4aa0c33f5334e4840ac8","23","no","yes","19801.045000029262","","./audio/sim_sm_quiet_CA01_01.wav","","0","","","","","{""Transcription"":""The bird canoe swooped on the smooth planks""}","1280 x 800","","","","","","","","","","","","",""
"html-keyboard-response","66","562932","0.0-68.0","Chrome","90.0","macOS","10.14.6","1280 x 800","5e5b4aa0c33f5334e4840ac8","23","no","yes","null","","<h2> </h2><p><font size=""6"">Please focus on <b></p><p>the effort required to understand what the speaker is saying.</p><p></b> </font></p>","","","","","","null","","","","","","","","","","","","","","",""
"audio-slider-response","67","568733","0.0-69.0","Chrome","90.0","macOS","10.14.6","1280 x 800","5e5b4aa0c33f5334e4840ac8","23","no","yes","5805","","./audio/sim_sm_quiet_CA01_01.wav","","0","","","","","","1280 x 800","50","","","","","","","","","","","",""
"html-keyboard-response","68","569234","0.0-70.0","Chrome","90.0","macOS","10.14.6","1280 x 800","5e5b4aa0c33f5334e4840ac8","23","no","yes","null","","./audio/sim_sm_quiet_CA01_01.wav","","","","","","null","","","","true","","10","2","","","","","","","",""
"html-keyboard-response","69","570238","0.0-71.0","Chrome","90.0","macOS","10.14.6","1280 x 800","5e5b4aa0c33f5334e4840ac8","23","no","yes","null","","Next clip (of 36 in total)","","","","","","null","","","","","","","","","","","","","","",""
"html-keyboard-response","70","572039","0.0-72.0","Chrome","90.0","macOS","10.14.6","1280 x 800","5e5b4aa0c33f5334e4840ac8","23","no","yes","null","","<h2> </h2><p><font size=""6"">Please focus on <b></p><p>what the speaker is saying and type exactly what you hear.</p><p></b> </font></p>","","","","","","null","","","","","","","","","","","","","","",""
"audio-text-response","71","582252","0.0-73.0","Chrome","90.0","macOS","10.14.6","1280 x 800","5e5b4aa0c33f5334e4840ac8","23","no","yes","10212.074999988545","","./audio/sim_nm_quiet_CA01_06.wav","","0","","","","","{""Transcription"":""The juice of lemons make fine punch""}","1280 x 800","","","","","","","","","","","","",""
"html-keyboard-response","72","584057","0.0-74.0","Chrome","90.0","macOS","10.14.6","1280 x 800","5e5b4aa0c33f5334e4840ac8","23","no","yes","null","","<h2> </h2><p><font size=""6"">Please focus on <b></p><p>the effort required to understand what the speaker is saying.</p><p></b> </font></p>","","","","","","null","","","","","","","","","","","","","","",""
"audio-slider-response","73","591565","0.0-75.0","Chrome","90.0","macOS","10.14.6","1280 x 800","5e5b4aa0c33f5334e4840ac8","23","no","yes","7506","","./audio/sim_nm_quiet_CA01_06.wav","","0","","","","","","1280 x 800","0","","","","","","","","","","","",""
"html-keyboard-response","74","592066","0.0-76.0","Chrome","90.0","macOS","10.14.6","1280 x 800","5e5b4aa0c33f5334e4840ac8","23","no","yes","null","","./audio/sim_nm_quiet_CA01_06.wav","","","","","","null","","","","true","4","11","2","","","","","","","",""
"html-keyboard-response","75","593069","0.0-77.0","Chrome","90.0","macOS","10.14.6","1280 x 800","5e5b4aa0c33f5334e4840ac8","23","no","yes","null","","Next clip (of 36 in total)","","","","","","null","","","","","","","","","","","","","","",""
"html-keyboard-response","76","594870","0.0-78.0","Chrome","90.0","macOS","10.14.6","1280 x 800","5e5b4aa0c33f5334e4840ac8","23","no","yes","null","","<h2> </h2><p><font size=""6"">Please focus on <b></p><p>what the speaker is saying and type exactly what you hear.</p><p></b> </font></p>","","","","","","null","","","","","","","","","","","","","","",""
"audio-text-response","77","611964","0.0-79.0","Chrome","90.0","macOS","10.14.6","1280 x 800","5e5b4aa0c33f5334e4840ac8","23","no","yes","17092.219999991357","","./audio/sim_sm-fs_Pink0_CA02_10.wav","","0","","","","","{""Transcription"":""The girl at the booth sold bars""}","1280 x 800","","","","","","","","","","","","",""
"html-keyboard-response","78","613765","0.0-80.0","Chrome","90.0","macOS","10.14.6","1280 x 800","5e5b4aa0c33f5334e4840ac8","23","no","yes","null","","<h2> </h2><p><font size=""6"">Please focus on <b></p><p>the effort required to understand what the speaker is saying.</p><p></b> </font></p>","","","","","","null","","","","","","","","","","","","","","",""
"audio-slider-response","79","621057","0.0-81.0","Chrome","90.0","macOS","10.14.6","1280 x 800","5e5b4aa0c33f5334e4840ac8","23","no","yes","7291","","./audio/sim_sm-fs_Pink0_CA02_10.wav","","0","","","","","","1280 x 800","73","","","","","","","","","","","",""
"html-keyboard-response","80","621559","0.0-82.0","Chrome","90.0","macOS","10.14.6","1280 x 800","5e5b4aa0c33f5334e4840ac8","23","no","yes","null","","./audio/sim_sm-fs_Pink0_CA02_10.wav","","","","","","null","","","","true","5","12","2","","","","","","","",""
"html-keyboard-response","81","622565","0.0-83.0","Chrome","90.0","macOS","10.14.6","1280 x 800","5e5b4aa0c33f5334e4840ac8","23","no","yes","null","","Next clip (of 36 in total)","","","","","","null","","","","","","","","","","","","","","",""
"html-keyboard-response","82","624366","0.0-84.0","Chrome","90.0","macOS","10.14.6","1280 x 800","5e5b4aa0c33f5334e4840ac8","23","no","yes","null","","<h2> </h2><p><font size=""6"">Please focus on <b></p><p>what the speaker is saying and type exactly what you hear.</p><p></b> </font></p>","","","","","","null","","","","","","","","","","","","","","",""
"audio-text-response","83","634228","0.0-85.0","Chrome","90.0","macOS","10.14.6","1280 x 800","5e5b4aa0c33f5334e4840ac8","23","no","yes","9860.560000000987","","./audio/sim_sm-fs_Pink5_CA03_06.wav","","0","","","","","{""Transcription"":""two blue fish swam in the tank""}","1280 x 800","","","","","","","","","","","","",""
"html-keyboard-response","84","636033","0.0-86.0","Chrome","90.0","macOS","10.14.6","1280 x 800","5e5b4aa0c33f5334e4840ac8","23","no","yes","null","","<h2> </h2><p><font size=""6"">Please focus on <b></p><p>the effort required to understand what the speaker is saying.</p><p></b> </font></p>","","","","","","null","","","","","","","","","","","","","","",""
"audio-slider-response","85","639539","0.0-87.0","Chrome","90.0","macOS","10.14.6","1280 x 800","5e5b4aa0c33f5334e4840ac8","23","no","yes","3506","","./audio/sim_sm-fs_Pink5_CA03_06.wav","","0","","","","","","1280 x 800","5","","","","","","","","","","","",""
"html-keyboard-response","86","640041","0.0-88.0","Chrome","90.0","macOS","10.14.6","1280 x 800","5e5b4aa0c33f5334e4840ac8","23","no","yes","null","","./audio/sim_sm-fs_Pink5_CA03_06.wav","","","","","","null","","","","true","","13","2","","","","","","","",""
"html-keyboard-response","87","641044","0.0-89.0","Chrome","90.0","macOS","10.14.6","1280 x 800","5e5b4aa0c33f5334e4840ac8","23","no","yes","null","","Next clip (of 36 in total)","","","","","","null","","","","","","","","","","","","","","",""
"html-keyboard-response","88","642844","0.0-90.0","Chrome","90.0","macOS","10.14.6","1280 x 800","5e5b4aa0c33f5334e4840ac8","23","no","yes","null","","<h2> </h2><p><font size=""6"">Please focus on <b></p><p>what the speaker is saying and type exactly what you hear.</p><p></b> </font></p>","","","","","","null","","","","","","","","","","","","","","",""
"audio-text-response","89","654892","0.0-91.0","Chrome","90.0","macOS","10.14.6","1280 x 800","5e5b4aa0c33f5334e4840ac8","23","no","yes","12045.915000024252","","./audio/sim_N95-fs_Pink5_CA03_08.wav","","0","","","","","{""Transcription"":""the coke beer through the the top rider""}","1280 x 800","","","","","","","","","","","","",""
"html-keyboard-response","90","656693","0.0-92.0","Chrome","90.0","macOS","10.14.6","1280 x 800","5e5b4aa0c33f5334e4840ac8","23","no","yes","null","","<h2> </h2><p><font size=""6"">Please focus on <b></p><p>the effort required to understand what the speaker is saying.</p><p></b> </font></p>","","","","","","null","","","","","","","","","","","","","","",""
"audio-slider-response","91","662521","0.0-93.0","Chrome","90.0","macOS","10.14.6","1280 x 800","5e5b4aa0c33f5334e4840ac8","23","no","yes","5828","","./audio/sim_N95-fs_Pink5_CA03_08.wav","","0","","","","","","1280 x 800","99","","","","","","","","","","","",""
"html-keyboard-response","92","663023","0.0-94.0","Chrome","90.0","macOS","10.14.6","1280 x 800","5e5b4aa0c33f5334e4840ac8","23","no","yes","null","","./audio/sim_N95-fs_Pink5_CA03_08.wav","","","","","","null","","","","true","","14","2","","","","","","","",""
"html-keyboard-response","93","664025","0.0-95.0","Chrome","90.0","macOS","10.14.6","1280 x 800","5e5b4aa0c33f5334e4840ac8","23","no","yes","null","","Next clip (of 36 in total)","","","","","","null","","","","","","","","","","","","","","",""
"html-keyboard-response","94","665826","0.0-96.0","Chrome","90.0","macOS","10.14.6","1280 x 800","5e5b4aa0c33f5334e4840ac8","23","no","yes","null","","<h2> </h2><p><font size=""6"">Please focus on <b></p><p>what the speaker is saying and type exactly what you hear.</p><p></b> </font></p>","","","","","","null","","","","","","","","","","","","","","",""
"audio-text-response","95","674562","0.0-97.0","Chrome","90.0","macOS","10.14.6","1280 x 800","5e5b4aa0c33f5334e4840ac8","23","no","yes","8734.52499997802","","./audio/sim_sm-fs_Babble5_CA02_04.wav","","0","","","","","{""Transcription"":""straight and followed through""}","1280 x 800","","","","","","","","","","","","",""
"html-keyboard-response","96","676368","0.0-98.0","Chrome","90.0","macOS","10.14.6","1280 x 800","5e5b4aa0c33f5334e4840ac8","23","no","yes","null","","<h2> </h2><p><font size=""6"">Please focus on <b></p><p>the effort required to understand what the speaker is saying.</p><p></b> </font></p>","","","","","","null","","","","","","","","","","","","","","",""
"audio-slider-response","97","682350","0.0-99.0","Chrome","90.0","macOS","10.14.6","1280 x 800","5e5b4aa0c33f5334e4840ac8","23","no","yes","5979","","./audio/sim_sm-fs_Babble5_CA02_04.wav","","0","","","","","","1280 x 800","85","","","","","","","","","","","",""
"html-keyboard-response","98","682856","0.0-100.0","Chrome","90.0","macOS","10.14.6","1280 x 800","5e5b4aa0c33f5334e4840ac8","23","no","yes","null","","./audio/sim_sm-fs_Babble5_CA02_04.wav","","","","","","null","","","","true","6","15","2","","","","","","","",""
"html-keyboard-response","99","683858","0.0-101.0","Chrome","90.0","macOS","10.14.6","1280 x 800","5e5b4aa0c33f5334e4840ac8","23","no","yes","null","","Next clip (of 36 in total)","","","","","","null","","","","","","","","","","","","","","",""
"html-keyboard-response","100","685659","0.0-102.0","Chrome","90.0","macOS","10.14.6","1280 x 800","5e5b4aa0c33f5334e4840ac8","23","no","yes","null","","<h2> </h2><p><font size=""6"">Please focus on <b></p><p>what the speaker is saying and type exactly what you hear.</p><p></b> </font></p>","","","","","","null","","","","","","","","","","","","","","",""
"audio-text-response","101","696178","0.0-103.0","Chrome","90.0","macOS","10.14.6","1280 x 800","5e5b4aa0c33f5334e4840ac8","23","no","yes","10516.96500001708","","./audio/sim_sm-fs_quiet_CA01_02.wav","","0","","","","","{""Transcription"":""glue this sheet to the dark blue background""}","1280 x 800","","","","","","","","","","","","",""
"html-keyboard-response","102","697981","0.0-104.0","Chrome","90.0","macOS","10.14.6","1280 x 800","5e5b4aa0c33f5334e4840ac8","23","no","yes","null","","<h2> </h2><p><font size=""6"">Please focus on <b></p><p>the effort required to understand what the speaker is saying.</p><p></b> </font></p>","","","","","","null","","","","","","","","","","","","","","",""
"audio-slider-response","103","702047","0.0-105.0","Chrome","90.0","macOS","10.14.6","1280 x 800","5e5b4aa0c33f5334e4840ac8","23","no","yes","4058","","./audio/sim_sm-fs_quiet_CA01_02.wav","","0","","","","","","1280 x 800","0","","","","","","","","","","","",""
"html-keyboard-response","104","702550","0.0-106.0","Chrome","90.0","macOS","10.14.6","1280 x 800","5e5b4aa0c33f5334e4840ac8","23","no","yes","null","","./audio/sim_sm-fs_quiet_CA01_02.wav","","","","","","null","","","","true","","16","2","","","","","","","",""
"html-keyboard-response","105","703552","0.0-107.0","Chrome","90.0","macOS","10.14.6","1280 x 800","5e5b4aa0c33f5334e4840ac8","23","no","yes","null","","Next clip (of 36 in total)","","","","","","null","","","","","","","","","","","","","","",""
"html-keyboard-response","106","705357","0.0-108.0","Chrome","90.0","macOS","10.14.6","1280 x 800","5e5b4aa0c33f5334e4840ac8","23","no","yes","null","","<h2> </h2><p><font size=""6"">Please focus on <b></p><p>what the speaker is saying and type exactly what you hear.</p><p></b> </font></p>","","","","","","null","","","","","","","","","","","","","","",""
"audio-text-response","107","715851","0.0-109.0","Chrome","90.0","macOS","10.14.6","1280 x 800","5e5b4aa0c33f5334e4840ac8","23","no","yes","10491.899999964517","","./audio/sim_N95_Pink5_CA03_07.wav","","0","","","","","{""Transcription"":""her purse was full of useless ""}","1280 x 800","","","","","","","","","","","","",""
"html-keyboard-response","108","717652","0.0-110.0","Chrome","90.0","macOS","10.14.6","1280 x 800","5e5b4aa0c33f5334e4840ac8","23","no","yes","null","","<h2> </h2><p><font size=""6"">Please focus on <b></p><p>the effort required to understand what the speaker is saying.</p><p></b> </font></p>","","","","","","null","","","","","","","","","","","","","","",""
"audio-slider-response","109","724752","0.0-111.0","Chrome","90.0","macOS","10.14.6","1280 x 800","5e5b4aa0c33f5334e4840ac8","23","no","yes","7094","","./audio/sim_N95_Pink5_CA03_07.wav","","0","","","","","","1280 x 800","65","","","","","","","","","","","",""
"html-keyboard-response","110","725256","0.0-112.0","Chrome","90.0","macOS","10.14.6","1280 x 800","5e5b4aa0c33f5334e4840ac8","23","no","yes","null","","./audio/sim_N95_Pink5_CA03_07.wav","","","","","","null","","","","true","","17","2","","","","","","","",""
"html-keyboard-response","111","726258","0.0-113.0","Chrome","90.0","macOS","10.14.6","1280 x 800","5e5b4aa0c33f5334e4840ac8","23","no","yes","null","","Next clip (of 36 in total)","","","","","","null","","","","","","","","","","","","","","",""
"html-keyboard-response","112","728060","0.0-114.0","Chrome","90.0","macOS","10.14.6","1280 x 800","5e5b4aa0c33f5334e4840ac8","23","no","yes","null","","<h2> </h2><p><font size=""6"">Please focus on <b></p><p>what the speaker is saying and type exactly what you hear.</p><p></b> </font></p>","","","","","","null","","","","","","","","","","","","","","",""
"audio-text-response","113","735833","0.0-115.0","Chrome","90.0","macOS","10.14.6","1280 x 800","5e5b4aa0c33f5334e4840ac8","23","no","yes","7772.0050000352785","","./audio/sim_N95_Pink0_CA03_01.wav","","0","","","","","{""Transcription"":""The small truck""}","1280 x 800","","","","","","","","","","","","",""
"html-keyboard-response","114","737638","0.0-116.0","Chrome","90.0","macOS","10.14.6","1280 x 800","5e5b4aa0c33f5334e4840ac8","23","no","yes","null","","<h2> </h2><p><font size=""6"">Please focus on <b></p><p>the effort required to understand what the speaker is saying.</p><p></b> </font></p>","","","","","","null","","","","","","","","","","","","","","",""
"audio-slider-response","115","741657","0.0-117.0","Chrome","90.0","macOS","10.14.6","1280 x 800","5e5b4aa0c33f5334e4840ac8","23","no","yes","4011","","./audio/sim_N95_Pink0_CA03_01.wav","","0","","","","","","1280 x 800","99","","","","","","","","","","","",""
"html-keyboard-response","116","742163","0.0-118.0","Chrome","90.0","macOS","10.14.6","1280 x 800","5e5b4aa0c33f5334e4840ac8","23","no","yes","null","","./audio/sim_N95_Pink0_CA03_01.wav","","","","","","null","","","","true","","18","2","","","","","","","",""
"html-keyboard-response","117","743165","0.0-119.0","Chrome","90.0","macOS","10.14.6","1280 x 800","5e5b4aa0c33f5334e4840ac8","23","no","yes","null","","Next clip (of 36 in total)","","","","","","null","","","","","","","","","","","","","","",""
"html-keyboard-response","118","744966","0.0-120.0","Chrome","90.0","macOS","10.14.6","1280 x 800","5e5b4aa0c33f5334e4840ac8","23","no","yes","null","","<h2> </h2><p><font size=""6"">Please focus on <b></p><p>what the speaker is saying and type exactly what you hear.</p><p></b> </font></p>","","","","","","null","","","","","","","","","","","","","","",""
"audio-text-response","119","759881","0.0-121.0","Chrome","90.0","macOS","10.14.6","1280 x 800","5e5b4aa0c33f5334e4840ac8","23","no","yes","14913.549999997485","","./audio/sim_nm_Pink0_CA03_03.wav","","0","","","","","{""Transcription"":""tracked some pants and thrown ""}","1280 x 800","","","","","","","","","","","","",""
"html-keyboard-response","120","761687","0.0-122.0","Chrome","90.0","macOS","10.14.6","1280 x 800","5e5b4aa0c33f5334e4840ac8","23","no","yes","null","","<h2> </h2><p><font size=""6"">Please focus on <b></p><p>the effort required to understand what the speaker is saying.</p><p></b> </font></p>","","","","","","null","","","","","","","","","","","","","","",""
"audio-slider-response","121","766058","0.0-123.0","Chrome","90.0","macOS","10.14.6","1280 x 800","5e5b4aa0c33f5334e4840ac8","23","no","yes","4371","","./audio/sim_nm_Pink0_CA03_03.wav","","0","","","","","","1280 x 800","97","","","","","","","","","","","",""
"html-keyboard-response","122","766560","0.0-124.0","Chrome","90.0","macOS","10.14.6","1280 x 800","5e5b4aa0c33f5334e4840ac8","23","no","yes","null","","./audio/sim_nm_Pink0_CA03_03.wav","","","","","","null","","","","true","","19","2","","","","","","","",""
"html-keyboard-response","123","767568","0.0-125.0","Chrome","90.0","macOS","10.14.6","1280 x 800","5e5b4aa0c33f5334e4840ac8","23","no","yes","null","","Next clip (of 36 in total)","","","","","","null","","","","","","","","","","","","","","",""
"html-keyboard-response","124","769370","0.0-126.0","Chrome","90.0","macOS","10.14.6","1280 x 800","5e5b4aa0c33f5334e4840ac8","23","no","yes","null","","<h2> </h2><p><font size=""6"">Please focus on <b></p><p>what the speaker is saying and type exactly what you hear.</p><p></b> </font></p>","","","","","","null","","","","","","","","","","","","","","",""
"audio-text-response","125","779234","0.0-127.0","Chrome","90.0","macOS","10.14.6","1280 x 800","5e5b4aa0c33f5334e4840ac8","23","no","yes","9862.500000046566","","./audio/sim_N95-fs_Babble5_CA02_06.wav","","0","","","","","{""Transcription"":""apart of teeth helps to pass""}","1280 x 800","","","","","","","","","","","","",""
"html-keyboard-response","126","781038","0.0-128.0","Chrome","90.0","macOS","10.14.6","1280 x 800","5e5b4aa0c33f5334e4840ac8","23","no","yes","null","","<h2> </h2><p><font size=""6"">Please focus on <b></p><p>the effort required to understand what the speaker is saying.</p><p></b> </font></p>","","","","","","null","","","","","","","","","","","","","","",""
"audio-slider-response","127","784756","0.0-129.0","Chrome","90.0","macOS","10.14.6","1280 x 800","5e5b4aa0c33f5334e4840ac8","23","no","yes","3715","","./audio/sim_N95-fs_Babble5_CA02_06.wav","","0","","","","","","1280 x 800","50","","","","","","","","","","","",""
"html-keyboard-response","128","785261","0.0-130.0","Chrome","90.0","macOS","10.14.6","1280 x 800","5e5b4aa0c33f5334e4840ac8","23","no","yes","null","","./audio/sim_N95-fs_Babble5_CA02_06.wav","","","","","","null","","","","true","","20","2","","","","","","","",""
"html-keyboard-response","129","786264","0.0-131.0","Chrome","90.0","macOS","10.14.6","1280 x 800","5e5b4aa0c33f5334e4840ac8","23","no","yes","null","","Next clip (of 36 in total)","","","","","","null","","","","","","","","","","","","","","",""
"html-keyboard-response","130","788066","0.0-132.0","Chrome","90.0","macOS","10.14.6","1280 x 800","5e5b4aa0c33f5334e4840ac8","23","no","yes","null","","<h2> </h2><p><font size=""6"">Please focus on <b></p><p>what the speaker is saying and type exactly what you hear.</p><p></b> </font></p>","","","","","","null","","","","","","","","","","","","","","",""
"audio-text-response","131","798548","0.0-133.0","Chrome","90.0","macOS","10.14.6","1280 x 800","5e5b4aa0c33f5334e4840ac8","23","no","yes","10480.550000036601","","./audio/sim_nm-fs_Pink0_CA03_04.wav","","0","","","","","{""Transcription"":""if one died, we are short of ""}","1280 x 800","","","","","","","","","","","","",""
"html-keyboard-response","132","800353","0.0-134.0","Chrome","90.0","macOS","10.14.6","1280 x 800","5e5b4aa0c33f5334e4840ac8","23","no","yes","null","","<h2> </h2><p><font size=""6"">Please focus on <b></p><p>the effort required to understand what the speaker is saying.</p><p></b> </font></p>","","","","","","null","","","","","","","","","","","","","","",""
"audio-slider-response","133","804340","0.0-135.0","Chrome","90.0","macOS","10.14.6","1280 x 800","5e5b4aa0c33f5334e4840ac8","23","no","yes","3982","","./audio/sim_nm-fs_Pink0_CA03_04.wav","","0","","","","","","1280 x 800","98","","","","","","","","","","","",""
"html-keyboard-response","134","804842","0.0-136.0","Chrome","90.0","macOS","10.14.6","1280 x 800","5e5b4aa0c33f5334e4840ac8","23","no","yes","null","","./audio/sim_nm-fs_Pink0_CA03_04.wav","","","","","","null","","","","true","","21","2","","","","","","","",""
"html-keyboard-response","135","805846","0.0-137.0","Chrome","90.0","macOS","10.14.6","1280 x 800","5e5b4aa0c33f5334e4840ac8","23","no","yes","null","","Next clip (of 36 in total)","","","","","","null","","","","","","","","","","","","","","",""
"html-keyboard-response","136","807648","0.0-138.0","Chrome","90.0","macOS","10.14.6","1280 x 800","5e5b4aa0c33f5334e4840ac8","23","no","yes","null","","<h2> </h2><p><font size=""6"">Please focus on <b></p><p>what the speaker is saying and type exactly what you hear.</p><p></b> </font></p>","","","","","","null","","","","","","","","","","","","","","",""
"audio-text-response","137","814978","0.0-139.0","Chrome","90.0","macOS","10.14.6","1280 x 800","5e5b4aa0c33f5334e4840ac8","23","no","yes","7328.559999994468","","./audio/sim_nm_Babble0_CA02_01.wav","","0","","","","","{""Transcription"":""the boy was there when you ""}","1280 x 800","","","","","","","","","","","","",""
"html-keyboard-response","138","816782","0.0-140.0","Chrome","90.0","macOS","10.14.6","1280 x 800","5e5b4aa0c33f5334e4840ac8","23","no","yes","null","","<h2> </h2><p><font size=""6"">Please focus on <b></p><p>the effort required to understand what the speaker is saying.</p><p></b> </font></p>","","","","","","null","","","","","","","","","","","","","","",""
"audio-slider-response","139","820956","0.0-141.0","Chrome","90.0","macOS","10.14.6","1280 x 800","5e5b4aa0c33f5334e4840ac8","23","no","yes","4174","","./audio/sim_nm_Babble0_CA02_01.wav","","0","","","","","","1280 x 800","95","","","","","","","","","","","",""
"html-keyboard-response","140","821459","0.0-142.0","Chrome","90.0","macOS","10.14.6","1280 x 800","5e5b4aa0c33f5334e4840ac8","23","no","yes","null","","./audio/sim_nm_Babble0_CA02_01.wav","","","","","","null","","","","true","","22","2","","","","","","","",""
"html-keyboard-response","141","822461","0.0-143.0","Chrome","90.0","macOS","10.14.6","1280 x 800","5e5b4aa0c33f5334e4840ac8","23","no","yes","null","","Next clip (of 36 in total)","","","","","","null","","","","","","","","","","","","","","",""
"html-keyboard-response","142","824262","0.0-144.0","Chrome","90.0","macOS","10.14.6","1280 x 800","5e5b4aa0c33f5334e4840ac8","23","no","yes","null","","<h2> </h2><p><font size=""6"">Please focus on <b></p><p>what the speaker is saying and type exactly what you hear.</p><p></b> </font></p>","","","","","","null","","","","","","","","","","","","","","",""
"audio-text-response","143","833542","0.0-145.0","Chrome","90.0","macOS","10.14.6","1280 x 800","5e5b4aa0c33f5334e4840ac8","23","no","yes","9278.419999987818","","./audio/sim_nm-fs_Babble5_CA02_08.wav","","0","","","","","{""Transcription"":""the soft cushion broke the mans fall""}","1280 x 800","","","","","","","","","","","","",""
"html-keyboard-response","144","835345","0.0-146.0","Chrome","90.0","macOS","10.14.6","1280 x 800","5e5b4aa0c33f5334e4840ac8","23","no","yes","null","","<h2> </h2><p><font size=""6"">Please focus on <b></p><p>the effort required to understand what the speaker is saying.</p><p></b> </font></p>","","","","","","null","","","","","","","","","","","","","","",""
"audio-slider-response","145","838570","0.0-147.0","Chrome","90.0","macOS","10.14.6","1280 x 800","5e5b4aa0c33f5334e4840ac8","23","no","yes","3228","","./audio/sim_nm-fs_Babble5_CA02_08.wav","","0","","","","","","1280 x 800","0","","","","","","","","","","","",""
"html-keyboard-response","146","839072","0.0-148.0","Chrome","90.0","macOS","10.14.6","1280 x 800","5e5b4aa0c33f5334e4840ac8","23","no","yes","null","","./audio/sim_nm-fs_Babble5_CA02_08.wav","","","","","","null","","","","true","","23","2","","","","","","","",""
"html-keyboard-response","147","840074","0.0-149.0","Chrome","90.0","macOS","10.14.6","1280 x 800","5e5b4aa0c33f5334e4840ac8","23","no","yes","null","","Next clip (of 36 in total)","","","","","","null","","","","","","","","","","","","","","",""
"html-keyboard-response","148","841875","0.0-150.0","Chrome","90.0","macOS","10.14.6","1280 x 800","5e5b4aa0c33f5334e4840ac8","23","no","yes","null","","<h2> </h2><p><font size=""6"">Please focus on <b></p><p>what the speaker is saying and type exactly what you hear.</p><p></b> </font></p>","","","","","","null","","","","","","","","","","","","","","",""
"audio-text-response","149","853817","0.0-151.0","Chrome","90.0","macOS","10.14.6","1280 x 800","5e5b4aa0c33f5334e4840ac8","23","no","yes","11940.834999957588","","./audio/sim_nm_quiet_CA01_05.wav","","0","","","","","{""Transcription"":""rice is often served in round bowls""}","1280 x 800","","","","","","","","","","","","",""
"html-keyboard-response","150","855621","0.0-152.0","Chrome","90.0","macOS","10.14.6","1280 x 800","5e5b4aa0c33f5334e4840ac8","23","no","yes","null","","<h2> </h2><p><font size=""6"">Please focus on <b></p><p>the effort required to understand what the speaker is saying.</p><p></b> </font></p>","","","","","","null","","","","","","","","","","","","","","",""
"audio-slider-response","151","858915","0.0-153.0","Chrome","90.0","macOS","10.14.6","1280 x 800","5e5b4aa0c33f5334e4840ac8","23","no","yes","3291","","./audio/sim_nm_quiet_CA01_05.wav","","0","","","","","","1280 x 800","0","","","","","","","","","","","",""
"html-keyboard-response","152","859419","0.0-154.0","Chrome","90.0","macOS","10.14.6","1280 x 800","5e5b4aa0c33f5334e4840ac8","23","no","yes","null","","./audio/sim_nm_quiet_CA01_05.wav","","","","","","null","","","","true","1","24","2","","","","","","18","NaN","NaN"
"html-keyboard-response","153","860421","0.0-155.0","Chrome","90.0","macOS","10.14.6","1280 x 800","5e5b4aa0c33f5334e4840ac8","23","no","yes","null","","Next clip (of 36 in total)","","","","","","null","","","","","","","","","","","","","","",""
"html-keyboard-response","154","862223","0.0-156.0","Chrome","90.0","macOS","10.14.6","1280 x 800","5e5b4aa0c33f5334e4840ac8","23","no","yes","null","","<h2> </h2><p><font size=""6"">Please focus on <b></p><p>what the speaker is saying and type exactly what you hear.</p><p></b> </font></p>","","","","","","null","","","","","","","","","","","","","","",""
"audio-text-response","155","871779","0.0-157.0","Chrome","90.0","macOS","10.14.6","1280 x 800","5e5b4aa0c33f5334e4840ac8","23","no","yes","9554.364999989048","","./audio/sim_sm-fs_Pink0_CA02_10.wav","","0","","","","","{""Transcription"":""the girl at the booth sold 60 bars""}","1280 x 800","","","","","","","","","","","","",""
"html-keyboard-response","156","873584","0.0-158.0","Chrome","90.0","macOS","10.14.6","1280 x 800","5e5b4aa0c33f5334e4840ac8","23","no","yes","null","","<h2> </h2><p><font size=""6"">Please focus on <b></p><p>the effort required to understand what the speaker is saying.</p><p></b> </font></p>","","","","","","null","","","","","","","","","","","","","","",""
"audio-slider-response","157","879722","0.0-159.0","Chrome","90.0","macOS","10.14.6","1280 x 800","5e5b4aa0c33f5334e4840ac8","23","no","yes","6136","","./audio/sim_sm-fs_Pink0_CA02_10.wav","","0","","","","","","1280 x 800","39","","","","","","","","","","","",""
"html-keyboard-response","158","880225","0.0-160.0","Chrome","90.0","macOS","10.14.6","1280 x 800","5e5b4aa0c33f5334e4840ac8","23","no","yes","null","","./audio/sim_sm-fs_Pink0_CA02_10.wav","","","","","","null","","","","true","5","25","2","","","","","","13","NaN","NaN"
"html-keyboard-response","159","881230","0.0-161.0","Chrome","90.0","macOS","10.14.6","1280 x 800","5e5b4aa0c33f5334e4840ac8","23","no","yes","null","","Next clip (of 36 in total)","","","","","","null","","","","","","","","","","","","","","",""
"html-keyboard-response","160","883032","0.0-162.0","Chrome","90.0","macOS","10.14.6","1280 x 800","5e5b4aa0c33f5334e4840ac8","23","no","yes","null","","<h2> </h2><p><font size=""6"">Please focus on <b></p><p>what the speaker is saying and type exactly what you hear.</p><p></b> </font></p>","","","","","","null","","","","","","","","","","","","","","",""
"audio-text-response","161","894563","0.0-163.0","Chrome","90.0","macOS","10.14.6","1280 x 800","5e5b4aa0c33f5334e4840ac8","23","no","yes","11529.840000031982","","./audio/sim_nm_quiet_CA01_06.wav","","0","","","","","{""Transcription"":""the juice of lemons make fine punch""}","1280 x 800","","","","","","","","","","","","",""
"html-keyboard-response","162","896365","0.0-164.0","Chrome","90.0","macOS","10.14.6","1280 x 800","5e5b4aa0c33f5334e4840ac8","23","no","yes","null","","<h2> </h2><p><font size=""6"">Please focus on <b></p><p>the effort required to understand what the speaker is saying.</p><p></b> </font></p>","","","","","","null","","","","","","","","","","","","","","",""
"audio-slider-response","163","899636","0.0-165.0","Chrome","90.0","macOS","10.14.6","1280 x 800","5e5b4aa0c33f5334e4840ac8","23","no","yes","3268","","./audio/sim_nm_quiet_CA01_06.wav","","0","","","","","","1280 x 800","0","","","","","","","","","","","",""
"html-keyboard-response","164","900138","0.0-166.0","Chrome","90.0","macOS","10.14.6","1280 x 800","5e5b4aa0c33f5334e4840ac8","23","no","yes","null","","./audio/sim_nm_quiet_CA01_06.wav","","","","","","null","","","","true","4","26","2","","","","","","15","NaN","NaN"
"html-keyboard-response","165","901140","0.0-167.0","Chrome","90.0","macOS","10.14.6","1280 x 800","5e5b4aa0c33f5334e4840ac8","23","no","yes","null","","Next clip (of 36 in total)","","","","","","null","","","","","","","","","","","","","","",""
"html-keyboard-response","166","902944","0.0-168.0","Chrome","90.0","macOS","10.14.6","1280 x 800","5e5b4aa0c33f5334e4840ac8","23","no","yes","null","","<h2> </h2><p><font size=""6"">Please focus on <b></p><p>what the speaker is saying and type exactly what you hear.</p><p></b> </font></p>","","","","","","null","","","","","","","","","","","","","","",""
"audio-text-response","167","918060","0.0-169.0","Chrome","90.0","macOS","10.14.6","1280 x 800","5e5b4aa0c33f5334e4840ac8","23","no","yes","15114.599999971688","","./audio/sim_N95-fs_quiet_CA01_04.wav","","0","","","","","{""Transcription"":""These days a chicken leg is rare dish""}","1280 x 800","","","","","","","","","","","","",""
"html-keyboard-response","168","919862","0.0-170.0","Chrome","90.0","macOS","10.14.6","1280 x 800","5e5b4aa0c33f5334e4840ac8","23","no","yes","null","","<h2> </h2><p><font size=""6"">Please focus on <b></p><p>the effort required to understand what the speaker is saying.</p><p></b> </font></p>","","","","","","null","","","","","","","","","","","","","","",""
"audio-slider-response","169","923700","0.0-171.0","Chrome","90.0","macOS","10.14.6","1280 x 800","5e5b4aa0c33f5334e4840ac8","23","no","yes","3831","","./audio/sim_N95-fs_quiet_CA01_04.wav","","0","","","","","","1280 x 800","0","","","","","","","","","","","",""
"html-keyboard-response","170","924206","0.0-172.0","Chrome","90.0","macOS","10.14.6","1280 x 800","5e5b4aa0c33f5334e4840ac8","23","no","yes","null","","./audio/sim_N95-fs_quiet_CA01_04.wav","","","","","","null","","","","true","2","27","2","","","","","","20","NaN","NaN"
"html-keyboard-response","171","925212","0.0-173.0","Chrome","90.0","macOS","10.14.6","1280 x 800","5e5b4aa0c33f5334e4840ac8","23","no","yes","null","","Next clip (of 36 in total)","","","","","","null","","","","","","","","","","","","","","",""
"html-keyboard-response","172","927015","0.0-174.0","Chrome","90.0","macOS","10.14.6","1280 x 800","5e5b4aa0c33f5334e4840ac8","23","no","yes","null","","<h2> </h2><p><font size=""6"">Please focus on <b></p><p>what the speaker is saying and type exactly what you hear.</p><p></b> </font></p>","","","","","","null","","","","","","","","","","","","","","",""
"audio-text-response","173","936813","0.0-175.0","Chrome","90.0","macOS","10.14.6","1280 x 800","5e5b4aa0c33f5334e4840ac8","23","no","yes","9796.864999982063","","./audio/sim_N95_quiet_CA01_03.wav","","0","","","","","{""Transcription"":""is easily to tell the depth of oil""}","1280 x 800","","","","","","","","","","","","",""
"html-keyboard-response","174","938616","0.0-176.0","Chrome","90.0","macOS","10.14.6","1280 x 800","5e5b4aa0c33f5334e4840ac8","23","no","yes","null","","<h2> </h2><p><font size=""6"">Please focus on <b></p><p>the effort required to understand what the speaker is saying.</p><p></b> </font></p>","","","","","","null","","","","","","","","","","","","","","",""
"audio-slider-response","175","941890","0.0-177.0","Chrome","90.0","macOS","10.14.6","1280 x 800","5e5b4aa0c33f5334e4840ac8","23","no","yes","3274","","./audio/sim_N95_quiet_CA01_03.wav","","0","","","","","","1280 x 800","50","","","","","","","","","","","",""
"html-keyboard-response","176","942393","0.0-178.0","Chrome","90.0","macOS","10.14.6","1280 x 800","5e5b4aa0c33f5334e4840ac8","23","no","yes","null","","./audio/sim_N95_quiet_CA01_03.wav","","","","","","null","","","","true","","28","2","","","","","","","",""
"html-keyboard-response","177","943395","0.0-179.0","Chrome","90.0","macOS","10.14.6","1280 x 800","5e5b4aa0c33f5334e4840ac8","23","no","yes","null","","Next clip (of 36 in total)","","","","","","null","","","","","","","","","","","","","","",""
"html-keyboard-response","178","945196","0.0-180.0","Chrome","90.0","macOS","10.14.6","1280 x 800","5e5b4aa0c33f5334e4840ac8","23","no","yes","null","","<h2> </h2><p><font size=""6"">Please focus on <b></p><p>what the speaker is saying and type exactly what you hear.</p><p></b> </font></p>","","","","","","null","","","","","","","","","","","","","","",""
"audio-text-response","179","953702","0.0-181.0","Chrome","90.0","macOS","10.14.6","1280 x 800","5e5b4aa0c33f5334e4840ac8","23","no","yes","8504.499999980908","","./audio/sim_N95_Babble5_CA02_05.wav","","0","","","","","{""Transcription"":""help the woman get back to work""}","1280 x 800","","","","","","","","","","","","",""
"html-keyboard-response","180","955505","0.0-182.0","Chrome","90.0","macOS","10.14.6","1280 x 800","5e5b4aa0c33f5334e4840ac8","23","no","yes","null","","<h2> </h2><p><font size=""6"">Please focus on <b></p><p>the effort required to understand what the speaker is saying.</p><p></b> </font></p>","","","","","","null","","","","","","","","","","","","","","",""
"audio-slider-response","181","958943","0.0-183.0","Chrome","90.0","macOS","10.14.6","1280 x 800","5e5b4aa0c33f5334e4840ac8","23","no","yes","3431","","./audio/sim_N95_Babble5_CA02_05.wav","","0","","","","","","1280 x 800","75","","","","","","","","","","","",""
"html-keyboard-response","182","959447","0.0-184.0","Chrome","90.0","macOS","10.14.6","1280 x 800","5e5b4aa0c33f5334e4840ac8","23","no","yes","null","","./audio/sim_N95_Babble5_CA02_05.wav","","","","","","null","","","","true","3","29","2","","","","","","20","NaN","NaN"
"html-keyboard-response","183","960452","0.0-185.0","Chrome","90.0","macOS","10.14.6","1280 x 800","5e5b4aa0c33f5334e4840ac8","23","no","yes","null","","Next clip (of 36 in total)","","","","","","null","","","","","","","","","","","","","","",""
"html-keyboard-response","184","962256","0.0-186.0","Chrome","90.0","macOS","10.14.6","1280 x 800","5e5b4aa0c33f5334e4840ac8","23","no","yes","null","","<h2> </h2><p><font size=""6"">Please focus on <b></p><p>what the speaker is saying and type exactly what you hear.</p><p></b> </font></p>","","","","","","null","","","","","","","","","","","","","","",""
"audio-text-response","185","968426","0.0-187.0","Chrome","90.0","macOS","10.14.6","1280 x 800","5e5b4aa0c33f5334e4840ac8","23","no","yes","6169.065000023693","","./audio/sim_N95-fs_Pink0_CA03_02.wav","","0","","","","","{""Transcription"":""NA""}","1280 x 800","","","","","","","","","","","","",""
"html-keyboard-response","186","970228","0.0-188.0","Chrome","90.0","macOS","10.14.6","1280 x 800","5e5b4aa0c33f5334e4840ac8","23","no","yes","null","","<h2> </h2><p><font size=""6"">Please focus on <b></p><p>the effort required to understand what the speaker is saying.</p><p></b> </font></p>","","","","","","null","","","","","","","","","","","","","","",""
"audio-slider-response","187","973754","0.0-189.0","Chrome","90.0","macOS","10.14.6","1280 x 800","5e5b4aa0c33f5334e4840ac8","23","no","yes","3518","","./audio/sim_N95-fs_Pink0_CA03_02.wav","","0","","","","","","1280 x 800","100","","","","","","","","","","","",""
"html-keyboard-response","188","974258","0.0-190.0","Chrome","90.0","macOS","10.14.6","1280 x 800","5e5b4aa0c33f5334e4840ac8","23","no","yes","null","","./audio/sim_N95-fs_Pink0_CA03_02.wav","","","","","","null","","","","true","","30","2","","","","","","","",""
"html-keyboard-response","189","975262","0.0-191.0","Chrome","90.0","macOS","10.14.6","1280 x 800","5e5b4aa0c33f5334e4840ac8","23","no","yes","null","","Next clip (of 36 in total)","","","","","","null","","","","","","","","","","","","","","",""
"html-keyboard-response","190","977063","0.0-192.0","Chrome","90.0","macOS","10.14.6","1280 x 800","5e5b4aa0c33f5334e4840ac8","23","no","yes","null","","<h2> </h2><p><font size=""6"">Please focus on <b></p><p>what the speaker is saying and type exactly what you hear.</p><p></b> </font></p>","","","","","","null","","","","","","","","","","","","","","",""
"audio-text-response","191","992761","0.0-193.0","Chrome","90.0","macOS","10.14.6","1280 x 800","5e5b4aa0c33f5334e4840ac8","23","no","yes","15697.089999972377","","./audio/sim_sm-fs_Babble5_CA02_04.wav","","0","","","","","{""Transcription"":""he kicked the ball straight and followed through""}","1280 x 800","","","","","","","","","","","","",""
"html-keyboard-response","192","994562","0.0-194.0","Chrome","90.0","macOS","10.14.6","1280 x 800","5e5b4aa0c33f5334e4840ac8","23","no","yes","null","","<h2> </h2><p><font size=""6"">Please focus on <b></p><p>the effort required to understand what the speaker is saying.</p><p></b> </font></p>","","","","","","null","","","","","","","","","","","","","","",""
"audio-slider-response","193","999190","0.0-195.0","Chrome","90.0","macOS","10.14.6","1280 x 800","5e5b4aa0c33f5334e4840ac8","23","no","yes","4627","","./audio/sim_sm-fs_Babble5_CA02_04.wav","","0","","","","","","1280 x 800","75","","","","","","","","","","","",""
"html-keyboard-response","194","999693","0.0-196.0","Chrome","90.0","macOS","10.14.6","1280 x 800","5e5b4aa0c33f5334e4840ac8","23","no","yes","null","","./audio/sim_sm-fs_Babble5_CA02_04.wav","","","","","","null","","","","true","6","31","2","","","","","","16","NaN","NaN"
"html-keyboard-response","195","1000696","0.0-197.0","Chrome","90.0","macOS","10.14.6","1280 x 800","5e5b4aa0c33f5334e4840ac8","23","no","yes","null","","Next clip (of 36 in total)","","","","","","null","","","","","","","","","","","","","","",""
"html-keyboard-response","196","1002500","0.0-198.0","Chrome","90.0","macOS","10.14.6","1280 x 800","5e5b4aa0c33f5334e4840ac8","23","no","yes","null","","<h2> </h2><p><font size=""6"">Please focus on <b></p><p>what the speaker is saying and type exactly what you hear.</p><p></b> </font></p>","","","","","","null","","","","","","","","","","","","","","",""
"audio-text-response","197","1007841","0.0-199.0","Chrome","90.0","macOS","10.14.6","1280 x 800","5e5b4aa0c33f5334e4840ac8","23","no","yes","5339.914999960456","","./audio/sim_sm_Pink0_CA02_09.wav","","0","","","","","{""Transcription"":""The salt ""}","1280 x 800","","","","","","","","","","","","",""
"html-keyboard-response","198","1009645","0.0-200.0","Chrome","90.0","macOS","10.14.6","1280 x 800","5e5b4aa0c33f5334e4840ac8","23","no","yes","null","","<h2> </h2><p><font size=""6"">Please focus on <b></p><p>the effort required to understand what the speaker is saying.</p><p></b> </font></p>","","","","","","null","","","","","","","","","","","","","","",""
"audio-slider-response","199","1013330","0.0-201.0","Chrome","90.0","macOS","10.14.6","1280 x 800","5e5b4aa0c33f5334e4840ac8","23","no","yes","3686","","./audio/sim_sm_Pink0_CA02_09.wav","","0","","","","","","1280 x 800","94","","","","","","","","","","","",""
"html-keyboard-response","200","1013835","0.0-202.0","Chrome","90.0","macOS","10.14.6","1280 x 800","5e5b4aa0c33f5334e4840ac8","23","no","yes","null","","./audio/sim_sm_Pink0_CA02_09.wav","","","","","","null","","","","true","","32","2","","","","","","","",""
"html-keyboard-response","201","1014837","0.0-203.0","Chrome","90.0","macOS","10.14.6","1280 x 800","5e5b4aa0c33f5334e4840ac8","23","no","yes","null","","Next clip (of 36 in total)","","","","","","null","","","","","","","","","","","","","","",""
"html-keyboard-response","202","1016638","0.0-204.0","Chrome","90.0","macOS","10.14.6","1280 x 800","5e5b4aa0c33f5334e4840ac8","23","no","yes","null","","<h2> </h2><p><font size=""6"">Please focus on <b></p><p>what the speaker is saying and type exactly what you hear.</p><p></b> </font></p>","","","","","","null","","","","","","","","","","","","","","",""
"audio-text-response","203","1028204","0.0-205.0","Chrome","90.0","macOS","10.14.6","1280 x 800","5e5b4aa0c33f5334e4840ac8","23","no","yes","11564.76500001736","","./audio/sim_nm_Babble5_CA02_07.wav","","0","","","","","{""Transcription"":""smokey fires lack flame and heat""}","1280 x 800","","","","","","","","","","","","",""
"html-keyboard-response","204","1030006","0.0-206.0","Chrome","90.0","macOS","10.14.6","1280 x 800","5e5b4aa0c33f5334e4840ac8","23","no","yes","null","","<h2> </h2><p><font size=""6"">Please focus on <b></p><p>the effort required to understand what the speaker is saying.</p><p></b> </font></p>","","","","","","null","","","","","","","","","","","","","","",""
"audio-slider-response","205","1034373","0.0-207.0","Chrome","90.0","macOS","10.14.6","1280 x 800","5e5b4aa0c33f5334e4840ac8","23","no","yes","4360","","./audio/sim_nm_Babble5_CA02_07.wav","","0","","","","","","1280 x 800","0","","","","","","","","","","","",""
"html-keyboard-response","206","1034879","0.0-208.0","Chrome","90.0","macOS","10.14.6","1280 x 800","5e5b4aa0c33f5334e4840ac8","23","no","yes","null","","./audio/sim_nm_Babble5_CA02_07.wav","","","","","","null","","","","true","","33","2","","","","","","","",""
"html-keyboard-response","207","1035882","0.0-209.0","Chrome","90.0","macOS","10.14.6","1280 x 800","5e5b4aa0c33f5334e4840ac8","23","no","yes","null","","Next clip (of 36 in total)","","","","","","null","","","","","","","","","","","","","","",""
"html-keyboard-response","208","1037683","0.0-210.0","Chrome","90.0","macOS","10.14.6","1280 x 800","5e5b4aa0c33f5334e4840ac8","23","no","yes","null","","<h2> </h2><p><font size=""6"">Please focus on <b></p><p>what the speaker is saying and type exactly what you hear.</p><p></b> </font></p>","","","","","","null","","","","","","","","","","","","","","",""
"audio-text-response","209","1052097","0.0-211.0","Chrome","90.0","macOS","10.14.6","1280 x 800","5e5b4aa0c33f5334e4840ac8","23","no","yes","14413.064999971539","","./audio/sim_sm_Babble5_CA02_03.wav","","0","","","","","{""Transcription"":""the source of the huge river is the clear spring\n""}","1280 x 800","","","","","","","","","","","","",""
"html-keyboard-response","210","1053899","0.0-212.0","Chrome","90.0","macOS","10.14.6","1280 x 800","5e5b4aa0c33f5334e4840ac8","23","no","yes","null","","<h2> </h2><p><font size=""6"">Please focus on <b></p><p>the effort required to understand what the speaker is saying.</p><p></b> </font></p>","","","","","","null","","","","","","","","","","","","","","",""
"audio-slider-response","211","1058136","0.0-213.0","Chrome","90.0","macOS","10.14.6","1280 x 800","5e5b4aa0c33f5334e4840ac8","23","no","yes","4232","","./audio/sim_sm_Babble5_CA02_03.wav","","0","","","","","","1280 x 800","8","","","","","","","","","","","",""
"html-keyboard-response","212","1058638","0.0-214.0","Chrome","90.0","macOS","10.14.6","1280 x 800","5e5b4aa0c33f5334e4840ac8","23","no","yes","null","","./audio/sim_sm_Babble5_CA02_03.wav","","","","","","null","","","","true","","34","2","","","","","","","",""
"html-keyboard-response","213","1059641","0.0-215.0","Chrome","90.0","macOS","10.14.6","1280 x 800","5e5b4aa0c33f5334e4840ac8","23","no","yes","null","","Next clip (of 36 in total)","","","","","","null","","","","","","","","","","","","","","",""
"html-keyboard-response","214","1061444","0.0-216.0","Chrome","90.0","macOS","10.14.6","1280 x 800","5e5b4aa0c33f5334e4840ac8","23","no","yes","null","","<h2> </h2><p><font size=""6"">Please focus on <b></p><p>what the speaker is saying and type exactly what you hear.</p><p></b> </font></p>","","","","","","null","","","","","","","","","","","","","","",""
"audio-text-response","215","1074781","0.0-217.0","Chrome","90.0","macOS","10.14.6","1280 x 800","5e5b4aa0c33f5334e4840ac8","23","no","yes","13336.080000037327","","./audio/sim_sm_Pink5_CA03_05.wav","","0","","","","","{""Transcription"":""the beauty of the view stunned the young boy""}","1280 x 800","","","","","","","","","","","","",""
"html-keyboard-response","216","1076584","0.0-218.0","Chrome","90.0","macOS","10.14.6","1280 x 800","5e5b4aa0c33f5334e4840ac8","23","no","yes","null","","<h2> </h2><p><font size=""6"">Please focus on <b></p><p>the effort required to understand what the speaker is saying.</p><p></b> </font></p>","","","","","","null","","","","","","","","","","","","","","",""
"audio-slider-response","217","1081766","0.0-219.0","Chrome","90.0","macOS","10.14.6","1280 x 800","5e5b4aa0c33f5334e4840ac8","23","no","yes","5178","","./audio/sim_sm_Pink5_CA03_05.wav","","0","","","","","","1280 x 800","16","","","","","","","","","","","",""
"html-keyboard-response","218","1082271","0.0-220.0","Chrome","90.0","macOS","10.14.6","1280 x 800","5e5b4aa0c33f5334e4840ac8","23","no","yes","null","","./audio/sim_sm_Pink5_CA03_05.wav","","","","","","null","","","","true","","35","2","","","","","","","",""
"html-keyboard-response","219","1083275","0.0-221.0","Chrome","90.0","macOS","10.14.6","1280 x 800","5e5b4aa0c33f5334e4840ac8","23","no","yes","null","","Next clip (of 36 in total)","","","","","","null","","","","","","","","","","","","","","",""
"html-keyboard-response","220","1085080","0.0-222.0","Chrome","90.0","macOS","10.14.6","1280 x 800","5e5b4aa0c33f5334e4840ac8","23","no","yes","null","","<h2> </h2><p><font size=""6"">Please focus on <b></p><p>what the speaker is saying and type exactly what you hear.</p><p></b> </font></p>","","","","","","null","","","","","","","","","","","","","","",""
"audio-text-response","221","1096260","0.0-223.0","Chrome","90.0","macOS","10.14.6","1280 x 800","5e5b4aa0c33f5334e4840ac8","23","no","yes","11178.560000029393","","./audio/sim_nm-fs_Babble0_CA02_02.wav","","0","","","","","{""Transcription"":""alot is used to pat the salmon""}","1280 x 800","","","","","","","","","","","","",""
"html-keyboard-response","222","1098062","0.0-224.0","Chrome","90.0","macOS","10.14.6","1280 x 800","5e5b4aa0c33f5334e4840ac8","23","no","yes","null","","<h2> </h2><p><font size=""6"">Please focus on <b></p><p>the effort required to understand what the speaker is saying.</p><p></b> </font></p>","","","","","","null","","","","","","","","","","","","","","",""
"audio-slider-response","223","1101848","0.0-225.0","Chrome","90.0","macOS","10.14.6","1280 x 800","5e5b4aa0c33f5334e4840ac8","23","no","yes","3791","","./audio/sim_nm-fs_Babble0_CA02_02.wav","","0","","","","","","1280 x 800","82","","","","","","","","","","","",""
"html-keyboard-response","224","1102352","0.0-226.0","Chrome","90.0","macOS","10.14.6","1280 x 800","5e5b4aa0c33f5334e4840ac8","23","no","yes","null","","./audio/sim_nm-fs_Babble0_CA02_02.wav","","","","","","null","","","","true","","36","2","","","","","","","",""
"fullscreen","225","1103354","0.0-227.0","Chrome","90.0","macOS","10.14.6","1280 x 800","5e5b4aa0c33f5334e4840ac8","23","no","yes","","","","","","","true","","","","","","","","","","","","","","","","",""
